time_seconds,time_minutes,cadence_rpm,confidence
4.959769472082407,0.08266282453470677,48.19343750277436,0.08898422842517696
6.935612595107106,0.1155935432517851,48.19343750277436,0.09484967621470831
8.911455718131805,0.14852426196886342,66.26597656631475,0.09495847827078344
10.887298841156502,0.1814549806859417,66.26597656631475,0.11456176905930648
12.863141964181201,0.21438569940302002,66.26597656631475,0.12057170202836157
14.8389850872059,0.24731641812009833,66.26597656631475,0.11933995222516829
16.814828210230598,0.2802471368371766,36.145078127080765,0.13307206231771537
18.790671333255297,0.3131778555542549,36.145078127080765,0.1633003941331317
20.766514456279996,0.3461085742713333,36.145078127080765,0.23570606012651277
22.742357579304695,0.3790392929884116,42.16925781492756,0.18104072423989603
24.718200702329394,0.4119700117054899,42.16925781492756,0.18461063888536652
26.694043825354093,0.4449007304225682,42.16925781492756,0.19107888506888027
28.669886948378792,0.47783144913964654,48.19343750277436,0.16901859304049732
30.64573007140349,0.5107621678567249,36.145078127080765,0.17612812444237572
32.62157319442819,0.5436928865738031,48.19343750277436,0.18843880950669692
34.59741631745289,0.5766236052908815,48.19343750277436,0.16065497607842041
36.573259440477585,0.6095543240079597,36.145078127080765,0.11066238223512984
38.54910256350229,0.6424850427250381,42.16925781492756,0.13278297267542763
40.52494568652698,0.6754157614421163,42.16925781492756,0.1487474464656334
42.50078880955168,0.7083464801591947,42.16925781492756,0.13534440095964842
44.47663193257638,0.7412771988762731,42.16925781492756,0.1306775581592368
46.45247505560108,0.7742079175933513,42.16925781492756,0.16735236849433285
48.42831817862578,0.8071386363104297,54.21761719062115,0.09707078962832089
50.404161301650475,0.8400693550275079,36.145078127080765,0.10386177009735084
52.38000442467518,0.8730000737445863,36.145078127080765,0.11845719778953602
54.355847547699874,0.9059307924616645,36.145078127080765,0.12654135649872156
56.331690670724576,0.938861511178743,36.145078127080765,0.14995089638022815
58.30753379374927,0.9717922298958211,36.145078127080765,0.15844931670191248
60.28337691677397,1.0047229486128995,36.145078127080765,0.21074962443671766
62.25922003979867,1.0376536673299779,36.145078127080765,0.1707901923578123
64.23506316282337,1.070584386047056,36.145078127080765,0.13326656337707246
66.21090628584807,1.1035151047641345,54.21761719062115,0.11342263402674663
68.18674940887277,1.136445823481213,48.19343750277436,0.11316838106032662
70.16259253189746,1.169376542198291,48.19343750277436,0.09881370218936056
72.13843565492216,1.2023072609153693,126.5077734447827,0.12700797075548403
74.11427877794686,1.2352379796324477,138.55613282047628,0.09421697029489814
76.09012190097155,1.268168698349526,132.5319531326295,0.12470090973699331
78.06596502399626,1.3010994170666044,132.5319531326295,0.12336655064746864
80.04180814702096,1.3340301357836826,72.29015625416153,0.08304490118619755
82.01765127004566,1.366960854500761,36.145078127080765,0.10560182513195175
83.99349439307035,1.3998915732178392,36.145078127080765,0.12936268973461676
85.96933751609505,1.4328222919349176,36.145078127080765,0.13860634047602186
87.94518063911976,1.4657530106519958,54.21761719062115,0.13755236347126168
89.92102376214446,1.4986837293690742,48.19343750277436,0.11418925196226355
91.89686688516915,1.5316144480861524,66.26597656631475,0.12899981357963047
93.87271000819385,1.5645451668032309,54.21761719062115,0.1317256958966898
95.84855313121855,1.5974758855203093,72.29015625416153,0.09954808735090569
97.82439625424324,1.6304066042373873,48.19343750277436,0.1089095798327761
99.80023937726794,1.6633373229544657,48.19343750277436,0.13769198173838618
101.77608250029265,1.696268041671544,120.48359375693587,0.10557864467137412
103.75192562331735,1.7291987603886225,48.19343750277436,0.09631691262723271
105.72776874634204,1.7621294791057005,42.16925781492756,0.19582876956407647
107.70361186936674,1.795060197822779,60.24179687846794,0.12483241059285302
109.67945499239144,1.8279909165398573,60.24179687846794,0.10922080138184043
111.65529811541613,1.8609216352569355,96.38687500554872,0.11718528217389
113.63114123844083,1.893852353974014,96.38687500554872,0.13412260849773344
115.60698436146554,1.9267830726910922,96.38687500554872,0.12865345262476935
117.58282748449024,1.9597137914081706,42.16925781492756,0.14718222913139867
119.55867060751493,1.9926445101252488,36.145078127080765,0.15064514353084962
121.53451373053963,2.025575228842327,36.145078127080765,0.13463899246047983
123.51035685356433,2.0585059475594054,60.24179687846794,0.16380625656079906
125.48619997658902,2.0914366662764836,60.24179687846794,0.16872066124464968
127.46204309961372,2.1243673849935623,60.24179687846794,0.1649264520422049
129.4378862226384,2.15729810371064,60.24179687846794,0.16130655401043809
131.4137293456631,2.1902288224277187,60.24179687846794,0.13502874072455182
133.38957246868782,2.223159541144797,126.5077734447827,0.11680293329950212
135.36541559171252,2.2560902598618755,126.5077734447827,0.09164170109859641
137.34125871473722,2.2890209785789537,120.48359375693587,0.08251533505868534
139.31710183776192,2.321951697296032,90.36269531770192,0.0858731294455078
141.29294496078663,2.3548824160131105,42.16925781492756,0.11851305717259414
143.2687880838113,2.3878131347301883,42.16925781492756,0.10916865646499241
145.244631206836,2.420743853447267,108.4352343812423,0.07887059601719178
147.2204743298607,2.453674572164345,96.38687500554872,0.10481437778622443
149.1963174528854,2.4866052908814233,36.145078127080765,0.09001459360302758
151.1721605759101,2.519536009598502,96.38687500554872,0.10353660919126574
153.14800369893482,2.55246672831558,96.38687500554872,0.09100718306973098
155.12384682195952,2.585397447032659,36.145078127080765,0.09782974151736383
157.09968994498422,2.618328165749737,36.145078127080765,0.08722898825161335
159.0755330680089,2.651258884466815,114.4594140690891,0.10871056293137321
161.0513761910336,2.6841896031838934,114.4594140690891,0.09168996497536387
163.0272193140583,2.7171203219009716,132.5319531326295,0.12470289861723101
165.003062437083,2.75005104061805,120.48359375693587,0.1415601594703502
166.9789055601077,2.7829817593351285,120.48359375693587,0.1310046055878855
168.9547486831324,2.8159124780522067,120.48359375693587,0.12008833306203189
170.9305918061571,2.8488431967692853,114.4594140690891,0.13315307068185964
172.90643492918178,2.881773915486363,114.4594140690891,0.09965540573338329
174.8822780522065,2.9147046342034413,102.4110546933955,0.09789108741784305
176.8581211752312,2.94763535292052,126.5077734447827,0.11652304931074879
178.8339642982559,2.980566071637598,54.21761719062115,0.09458997911194364
180.8098074212806,3.0134967903546768,72.29015625416153,0.08973943635448108
182.7856505443053,3.046427509071755,96.38687500554872,0.07461501981689522
184.76149366733,3.079358227788833,126.5077734447827,0.08879306600855963
186.73733679035468,3.1122889465059114,42.16925781492756,0.09975562692600201
188.71317991337938,3.1452196652229896,42.16925781492756,0.1479231205745932
190.68902303640408,3.178150383940068,42.16925781492756,0.11990182619373986
192.66486615942878,3.2110811026571464,42.16925781492756,0.07831352475935395
194.64070928245349,3.2440118213742246,48.19343750277436,0.11213137390184007
196.6165524054782,3.2769425400913033,48.19343750277436,0.10780879189453227
198.5923955285029,3.3098732588083815,72.29015625416153,0.10272149611762225
200.56823865152757,3.342803977525459,54.21761719062115,0.08854488132142835
202.54408177455227,3.375734696242538,126.5077734447827,0.10712870523828408
204.51992489757697,3.408665414959616,126.5077734447827,0.108430708385553
206.49576802060167,3.4415961336766947,102.4110546933955,0.09316845099616178
208.47161114362638,3.474526852393773,54.21761719062115,0.10366851165501502
210.44745426665108,3.507457571110851,60.24179687846794,0.095028083264714
212.42329738967578,3.5403882898279297,60.24179687846794,0.16776084106671982
214.39914051270046,3.5733190085450075,60.24179687846794,0.16000516153264868
216.37498363572516,3.606249727262086,60.24179687846794,0.14472928545267472
218.35082675874986,3.6391804459791643,48.19343750277436,0.10054326645183637
220.32666988177456,3.6721111646962425,36.145078127080765,0.10717331240394938
222.30251300479927,3.705041883413321,36.145078127080765,0.11299733136280085
224.27835612782397,3.7379726021303994,60.24179687846794,0.08324601605394498
226.25419925084867,3.770903320847478,108.4352343812423,0.1004924760483933
228.23004237387335,3.803834039564556,114.4594140690891,0.12179277467057617
230.20588549689805,3.836764758281634,108.4352343812423,0.12511871081946704
232.18172861992275,3.8696954769987126,108.4352343812423,0.10625328610578796
234.15757174294745,3.902626195715791,36.145078127080765,0.10284931871612912
236.13341486597216,3.9355569144328695,36.145078127080765,0.10514398977693822
238.10925798899686,3.9684876331499477,36.145078127080765,0.09971827038125611
240.08510111202156,4.001418351867026,42.16925781492756,0.10074818478450935
242.06094423504624,4.034349070584104,42.16925781492756,0.0976249877576614
244.03678735807094,4.067279789301183,42.16925781492756,0.12158498530129615
246.01263048109564,4.100210508018261,42.16925781492756,0.13814517508865384
247.98847360412034,4.133141226735339,48.19343750277436,0.10221231132259968
249.96431672714505,4.166071945452417,42.16925781492756,0.1292403307080726
251.94015985016975,4.1990026641694955,48.19343750277436,0.11795381305052884
253.91600297319445,4.231933382886575,36.145078127080765,0.14742276254225356
255.89184609621915,4.264864101603653,36.145078127080765,0.1565598293029686
257.86768921924386,4.297794820320731,36.145078127080765,0.13582818725666007
259.84353234226853,4.330725539037809,42.16925781492756,0.13598550788109148
261.81937546529326,4.363656257754887,42.16925781492756,0.2060180332794053
263.79521858831794,4.396586976471966,42.16925781492756,0.17441006297693143
265.7710617113426,4.429517695189044,42.16925781492756,0.141820699215721
267.74690483436734,4.462448413906122,36.145078127080765,0.17368176864228746
269.722747957392,4.4953791326232,36.145078127080765,0.19216489701059977
271.69859108041675,4.528309851340279,36.145078127080765,0.16348860031927637
273.6744342034414,4.561240570057357,36.145078127080765,0.13427469358233296
275.65027732646615,4.594171288774436,48.19343750277436,0.10112634984744442
277.6261204494908,4.627102007491514,48.19343750277436,0.0934790698266397
279.6019635725155,4.660032726208592,36.145078127080765,0.1218509246105803
281.57780669554023,4.69296344492567,36.145078127080765,0.14102351681413236
283.5536498185649,4.7258941636427485,36.145078127080765,0.16340012155271105
285.52949294158964,4.758824882359828,36.145078127080765,0.13176997717795236
287.5053360646143,4.791755601076905,36.145078127080765,0.13895471003554463
289.48117918763904,4.824686319793984,36.145078127080765,0.11409702771178837
291.4570223106637,4.857617038511062,42.16925781492756,0.09829467384768731
293.4328654336884,4.8905477572281395,42.16925781492756,0.1297949187454857
295.4087085567131,4.923478475945219,42.16925781492756,0.1570458754050672
297.3845516797378,4.956409194662297,60.24179687846794,0.09367146711326584
299.3603948027625,4.989339913379376,48.19343750277436,0.11539524591495162
301.3362379257872,5.022270632096453,36.145078127080765,0.10805123385683836
303.31208104881193,5.055201350813532,54.21761719062115,0.12178240207851647
305.2879241718366,5.0881320695306105,54.21761719062115,0.10865993204474673
307.2637672948613,5.121062788247688,54.21761719062115,0.09504921445652521
309.239610417886,5.153993506964767,72.29015625416153,0.10679729578547044
311.2154535409107,5.186924225681845,72.29015625416153,0.1542621757666835
313.1912966639354,5.219854944398923,72.29015625416153,0.14566747229318044
315.1671397869601,5.2527856631160015,72.29015625416153,0.14242107835215906
317.1429829099848,5.285716381833081,72.29015625416153,0.11601856551911534
319.1188260330095,5.318647100550158,90.36269531770192,0.08048023275829219
321.0946691560342,5.351577819267236,54.21761719062115,0.1221140012112719
323.0705122790589,5.384508537984315,42.16925781492756,0.15015340051356998
325.0463554020836,5.417439256701393,48.19343750277436,0.14582426395779244
327.0221985251083,5.450369975418472,48.19343750277436,0.15932811971637742
328.998041648133,5.48330069413555,48.19343750277436,0.1374281828719296
330.9738847711577,5.516231412852629,72.29015625416153,0.141558981068874
332.9497278941824,5.549162131569706,72.29015625416153,0.16017514254809384
334.92557101720706,5.582092850286784,72.29015625416153,0.1586129079039375
336.9014141402318,5.6150235690038635,72.29015625416153,0.15807626578909365
338.87725726325647,5.647954287720941,30.12089843923397,0.12742268211030447
340.8531003862812,5.68088500643802,42.16925781492756,0.1350533455373817
342.8289435093059,5.713815725155098,42.16925781492756,0.12113842268543534
344.8047866323306,5.746746443872177,42.16925781492756,0.11168419789721226
346.7806297553553,5.7796771625892545,36.145078127080765,0.12716288295806408
348.75647287837995,5.812607881306333,36.145078127080765,0.1579701530001802
350.7323160014047,5.845538600023412,36.145078127080765,0.14780778183825613
352.70815912442936,5.878469318740489,36.145078127080765,0.2001654140975495
354.6840022474541,5.911400037457568,36.145078127080765,0.21105485947893332
356.65984537047876,5.944330756174646,36.145078127080765,0.15460421774888658
358.6356884935035,5.9772614748917245,78.31433594200833,0.13951328913107575
360.61153161652817,6.010192193608803,54.21761719062115,0.12829927756160786
362.58737473955284,6.043122912325881,54.21761719062115,0.1707883039652947
364.5632178625776,6.076053631042959,54.21761719062115,0.14927655638172158
366.53906098560225,6.108984349760037,54.21761719062115,0.16026060145162221
368.514904108627,6.141915068477116,48.19343750277436,0.12915488469843261
370.49074723165165,6.174845787194195,78.31433594200833,0.14344879893156437
372.4665903546764,6.207776505911273,78.31433594200833,0.1457082918871212
374.44243347770106,6.240707224628351,78.31433594200833,0.16278180948287096
376.41827660072573,6.273637943345429,78.31433594200833,0.16801539539375682
378.39411972375046,6.306568662062507,78.31433594200833,0.13628629318812602
380.36996284677514,6.339499380779586,78.31433594200833,0.11858766047811224
382.34580596979987,6.372430099496665,84.33851562985512,0.12528313664511104
384.32164909282454,6.405360818213742,54.21761719062115,0.11522797013618741
386.2974922158493,6.438291536930821,60.24179687846794,0.1357585300469165
388.27333533887395,6.471222255647899,78.31433594200833,0.11478331092089511
390.2491784618987,6.504152974364978,78.31433594200833,0.1138960016246757
392.22502158492335,6.537083693082056,60.24179687846794,0.12249066126362948
394.200864707948,6.570014411799134,60.24179687846794,0.10715865612484794
396.17670783097276,6.602945130516213,60.24179687846794,0.1363838486828283
398.15255095399743,6.63587584923329,72.29015625416153,0.1276498487588615
400.12839407702216,6.668806567950369,84.33851562985512,0.18357450674678058
402.10423720004684,6.701737286667448,84.33851562985512,0.218697513602976
404.08008032307157,6.734668005384526,84.33851562985512,0.18388052341958516
406.05592344609624,6.767598724101604,84.33851562985512,0.1712773167064237
408.0317665691209,6.800529442818682,84.33851562985512,0.1475913754877576
410.00760969214565,6.83346016153576,84.33851562985512,0.13395615799949023
411.9834528151703,6.866390880252839,54.21761719062115,0.12014414017812486
413.95929593819505,6.899321598969918,54.21761719062115,0.20616406809945215
415.93513906121973,6.932252317686996,54.21761719062115,0.15011383068304895
417.91098218424446,6.965183036404074,54.21761719062115,0.13372426876328133
419.88682530726913,6.998113755121152,54.21761719062115,0.1453933542927611
421.8626684302938,7.0310444738382305,54.21761719062115,0.09661276894469077
423.83851155331854,7.063975192555309,78.31433594200833,0.1810280638619533
425.8143546763432,7.096905911272387,78.31433594200833,0.16803405106124358
427.79019779936795,7.129836629989466,78.31433594200833,0.15247353312343184
429.7660409223926,7.162767348706543,78.31433594200833,0.14912962946340075
431.74188404541735,7.195698067423622,84.33851562985512,0.13067241914548747
433.717727168442,7.228628786140701,54.21761719062115,0.13054022561182407
435.6935702914667,7.261559504857778,54.21761719062115,0.17279536664398742
437.66941341449143,7.294490223574857,60.24179687846794,0.13216261598317472
439.6452565375161,7.327420942291935,60.24179687846794,0.13861216075044278
441.62109966054084,7.360351661009014,60.24179687846794,0.15993847604269806
443.5969427835655,7.393282379726092,42.16925781492756,0.12779756307749474
445.57278590659024,7.426213098443171,60.24179687846794,0.1119375375237989
447.5486290296149,7.459143817160249,84.33851562985512,0.10356258354326167
449.5244721526396,7.492074535877326,84.33851562985512,0.13545719624836935
451.5003152756643,7.525005254594405,84.33851562985512,0.09429123067867987
453.476158398689,7.5579359733114835,84.33851562985512,0.12932483684082394
455.4520015217137,7.590866692028562,84.33851562985512,0.12589152621780217
457.4278446447384,7.62379741074564,84.33851562985512,0.10744650263011743
459.40368776776313,7.656728129462719,48.19343750277436,0.10914381590564684
461.3795308907878,7.689658848179797,30.12089843923397,0.11488605195654465
463.3553740138125,7.7225895668968745,30.12089843923397,0.12304637666678818
465.3312171368372,7.755520285613954,30.12089843923397,0.13152488563799097
467.3070602598619,7.788451004331032,30.12089843923397,0.1535758555081919
469.2829033828866,7.82138172304811,30.12089843923397,0.1652370129430107
471.2587465059113,7.854312441765188,42.16925781492756,0.1714376881759747
473.234589628936,7.887243160482267,42.16925781492756,0.19463689206674603
475.2104327519607,7.920173879199345,42.16925781492756,0.15812838798367204
477.18627587498537,7.953104597916423,66.26597656631475,0.12885296640478994
479.1621189980101,7.986035316633502,66.26597656631475,0.13810173098895845
481.1379621210348,8.01896603535058,66.26597656631475,0.13832496967729838
483.1138052440595,8.05189675406766,72.29015625416153,0.13088547073436996
485.0896483670842,8.084827472784736,60.24179687846794,0.1170117913526073
487.0654914901089,8.117758191501816,48.19343750277436,0.14360354322651375
489.0413346131336,8.150688910218893,54.21761719062115,0.15705595205165784
491.01717773615826,8.18361962893597,54.21761719062115,0.20117107751692348
492.993020859183,8.21655034765305,54.21761719062115,0.1443419970518191
494.96886398220767,8.249481066370128,48.19343750277436,0.11656516235551821
496.9447071052324,8.282411785087207,48.19343750277436,0.1583920327835497
498.92055022825707,8.315342503804285,48.19343750277436,0.10331962306908592
500.8963933512818,8.348273222521364,42.16925781492756,0.1463835063071721
502.8722364743065,8.381203941238441,78.31433594200833,0.10729496149628213
504.84807959733115,8.414134659955518,48.19343750277436,0.1045354859827434
506.8239227203559,8.447065378672598,36.145078127080765,0.11088003925418705
508.79976584338056,8.479996097389677,54.21761719062115,0.13815461289413766
510.7756089664053,8.512926816106754,54.21761719062115,0.10797194841970567
512.75145208943,8.545857534823833,90.36269531770192,0.08851589395683095
514.7272952124547,8.578788253540912,66.26597656631475,0.11963945919054932
516.7031383354794,8.61171897225799,54.21761719062115,0.1353722113780211
518.678981458504,8.644649690975067,42.16925781492756,0.16948866993082365
520.6548245815287,8.677580409692146,42.16925781492756,0.14251776758950005
522.6306677045535,8.710511128409225,42.16925781492756,0.14313485469972476
524.6065108275782,8.743441847126302,42.16925781492756,0.1654387225880988
526.5823539506029,8.776372565843381,78.31433594200833,0.13950119503431313
528.5581970736275,8.809303284560459,78.31433594200833,0.143573875630304
530.5340401966523,8.842234003277538,36.145078127080765,0.12406421582117884
532.509883319677,8.875164721994617,36.145078127080765,0.14402109283246925
534.4857264427017,8.908095440711694,36.145078127080765,0.17289264091919518
536.4615695657263,8.941026159428771,36.145078127080765,0.17847897499616955
538.437412688751,8.97395687814585,36.145078127080765,0.2181749113169166
540.4132558117758,9.00688759686293,36.145078127080765,0.2601807563254641
542.3890989348005,9.039818315580009,36.145078127080765,0.24243110409908702
544.3649420578251,9.072749034297086,36.145078127080765,0.1961098400546738
546.3407851808498,9.105679753014163,42.16925781492756,0.20802925097217298
548.3166283038745,9.138610471731242,42.16925781492756,0.1948024281793352
550.2924714268993,9.171541190448322,36.145078127080765,0.17943719937658822
552.268314549924,9.204471909165399,36.145078127080765,0.17619281753550997
554.2441576729486,9.237402627882478,36.145078127080765,0.19378054549233284
556.2200007959733,9.270333346599555,36.145078127080765,0.20339647239108985
558.1958439189981,9.303264065316634,36.145078127080765,0.2303617684948312
560.1716870420228,9.336194784033713,36.145078127080765,0.16599537469291267
562.1475301650474,9.36912550275079,48.19343750277436,0.19515322876460225
564.1233732880721,9.402056221467868,48.19343750277436,0.18069305450407755
566.0992164110968,9.434986940184947,42.16925781492756,0.17478593078081167
568.0750595341216,9.467917658902026,42.16925781492756,0.2221649501972398
570.0509026571463,9.500848377619104,30.12089843923397,0.2555357137633103
572.0267457801709,9.533779096336183,30.12089843923397,0.29307422332525407
574.0025889031956,9.56670981505326,30.12089843923397,0.30075727113439016
575.9784320262203,9.599640533770337,30.12089843923397,0.28885448829260657
577.9542751492451,9.632571252487418,30.12089843923397,0.22873520846365486
579.9301182722697,9.665501971204495,30.12089843923397,0.16613750377465558
581.9059613952944,9.698432689921573,30.12089843923397,0.17057495269534673
583.8818045183191,9.731363408638652,60.24179687846794,0.13238588255271583
585.8576476413439,9.76429412735573,60.24179687846794,0.14826017496687663
587.8334907643685,9.79722484607281,60.24179687846794,0.10097146710716422
589.8093338873932,9.830155564789887,108.4352343812423,0.0846626978133117
591.7851770104179,9.863086283506965,108.4352343812423,0.08322629538305325
593.7610201334426,9.896017002224044,60.24179687846794,0.10834315431624915
595.7368632564674,9.928947720941123,108.4352343812423,0.11191248898149758
597.712706379492,9.9618784396582,108.4352343812423,0.10774479268473583
599.6885495025167,9.99480915837528,108.4352343812423,0.10293718503675203
601.6643926255414,10.027739877092356,108.4352343812423,0.16155024751554692
603.640235748566,10.060670595809434,108.4352343812423,0.13475297825071847
605.6160788715908,10.093601314526515,84.33851562985512,0.11969929477149892
607.5919219946155,10.126532033243592,84.33851562985512,0.12043343168302748
609.5677651176402,10.15946275196067,108.4352343812423,0.10889988156686783
611.5436082406649,10.192393470677748,66.26597656631475,0.09323715429264141
613.5194513636897,10.225324189394827,66.26597656631475,0.09415385859754088
615.4952944867143,10.258254908111905,84.33851562985512,0.098994971734278
617.471137609739,10.291185626828984,84.33851562985512,0.11016807970617645
619.4469807327637,10.324116345546061,84.33851562985512,0.12626698384413826
621.4228238557884,10.357047064263138,84.33851562985512,0.13358889354064932
623.3986669788131,10.38997778298022,84.33851562985512,0.1556444555632033
625.3745101018378,10.422908501697297,108.4352343812423,0.13133193055879183
627.3503532248625,10.455839220414374,120.48359375693587,0.1074603614996099
629.3261963478872,10.488769939131453,78.31433594200833,0.09902380186835032
631.3020394709118,10.52170065784853,108.4352343812423,0.0956405643901195
633.2778825939366,10.554631376565611,48.19343750277436,0.09070968066119775
635.2537257169613,10.587562095282689,90.36269531770192,0.09828041083332574
637.229568839986,10.620492813999766,90.36269531770192,0.10655042643991769
639.2054119630106,10.653423532716845,96.38687500554872,0.10049573534243872
641.1812550860354,10.686354251433924,84.33851562985512,0.09603199121723721
643.1570982090601,10.719284970151001,42.16925781492756,0.1080130650796082
645.1329413320848,10.75221568886808,54.21761719062115,0.08360348209660934
647.1087844551095,10.785146407585158,102.4110546933955,0.08825601051049825
649.0846275781341,10.818077126302235,60.24179687846794,0.10965941960501628
651.0604707011589,10.851007845019316,102.4110546933955,0.10940514411105536
653.0363138241836,10.883938563736393,102.4110546933955,0.10897374863369681
655.0121569472083,10.91686928245347,36.145078127080765,0.1099478909240645
656.9880000702329,10.94980000117055,36.145078127080765,0.11640684189282943
658.9638431932577,10.982730719887629,36.145078127080765,0.12093053938396962
660.9396863162824,11.015661438604706,36.145078127080765,0.10844794098251714
662.9155294393071,11.048592157321785,36.145078127080765,0.11127044485281773
664.8913725623318,11.081522876038862,36.145078127080765,0.10035421833245112
666.8672156853564,11.11445359475594,36.145078127080765,0.17808397106325052
668.8430588083812,11.14738431347302,36.145078127080765,0.15075076487193295
670.8189019314059,11.180315032190098,54.21761719062115,0.12968524790903405
672.7947450544306,11.213245750907175,54.21761719062115,0.10933093022044951
674.7705881774552,11.246176469624254,54.21761719062115,0.11183874028318376
676.7464313004799,11.279107188341332,54.21761719062115,0.1332457611055065
678.7222744235047,11.312037907058413,54.21761719062115,0.11975235843783584
680.6981175465294,11.34496862577549,54.21761719062115,0.10955784091650134
682.673960669554,11.377899344492567,48.19343750277436,0.11362873592793403
684.6498037925787,11.410830063209646,48.19343750277436,0.11592187298630258
686.6256469156035,11.443760781926725,48.19343750277436,0.11214783921956621
688.6014900386282,11.476691500643803,30.12089843923397,0.10321919137846437
690.5773331616529,11.509622219360882,30.12089843923397,0.09543147562867525
692.5531762846775,11.542552938077959,42.16925781492756,0.13228329736494646
694.5290194077022,11.575483656795036,42.16925781492756,0.15749302946446378
696.504862530727,11.608414375512117,42.16925781492756,0.19714127266074027
698.4807056537517,11.641345094229195,42.16925781492756,0.17339184038213365
700.4565487767763,11.674275812946272,54.21761719062115,0.18125519985521502
702.432391899801,11.707206531663351,54.21761719062115,0.17642726316289697
704.4082350228257,11.740137250380428,54.21761719062115,0.17589706772333613
706.3840781458505,11.773067969097507,60.24179687846794,0.22648735978649148
708.3599212688752,11.805998687814586,60.24179687846794,0.22471909657324615
710.3357643918998,11.838929406531664,48.19343750277436,0.12788026775216174
712.3116075149245,11.871860125248741,54.21761719062115,0.16325491081724336
714.2874506379493,11.904790843965822,54.21761719062115,0.1546801693726878
716.263293760974,11.9377215626829,48.19343750277436,0.11710876319231396
718.2391368839986,11.970652281399977,36.145078127080765,0.104967975717876
720.2149800070233,12.003583000117056,42.16925781492756,0.11588569980049314
722.190823130048,12.036513718834133,60.24179687846794,0.11563566072737076
724.1666662530728,12.069444437551214,60.24179687846794,0.1088699824365953
726.1425093760975,12.102375156268291,66.26597656631475,0.11007533948910402
728.1183524991221,12.135305874985368,30.12089843923397,0.17640087805474738
730.0941956221468,12.168236593702447,36.145078127080765,0.12189429436715848
732.0700387451715,12.201167312419525,36.145078127080765,0.12683317034738373
734.0458818681963,12.234098031136604,36.145078127080765,0.13431370800463868
736.0217249912209,12.267028749853683,36.145078127080765,0.1291318330185044
737.9975681142456,12.29995946857076,66.26597656631475,0.10047783760567901
739.9734112372703,12.332890187287838,60.24179687846794,0.11777373452366983
741.9492543602951,12.365820906004918,36.145078127080765,0.12288016677356375
743.9250974833197,12.398751624721996,36.145078127080765,0.10626866376826154
745.9009406063444,12.431682343439073,36.145078127080765,0.10976494045365913
747.8767837293691,12.464613062156152,48.19343750277436,0.1160205168390363
749.8526268523938,12.49754378087323,36.145078127080765,0.10023951660709825
751.8284699754186,12.530474499590309,48.19343750277436,0.1707874045662816
753.8043130984432,12.563405218307388,48.19343750277436,0.15629115745460267
755.7801562214679,12.596335937024465,48.19343750277436,0.1690307507989946
757.7559993444926,12.629266655741542,42.16925781492756,0.13562083985912934
759.7318424675173,12.662197374458621,42.16925781492756,0.1927033671090548
761.707685590542,12.6951280931757,42.16925781492756,0.1841841997383942
763.6835287135667,12.728058811892778,36.145078127080765,0.24530191963013967
765.6593718365914,12.760989530609857,36.145078127080765,0.24859477574873048
767.6352149596161,12.793920249326934,36.145078127080765,0.18005213716347265
769.6110580826409,12.826850968044015,36.145078127080765,0.14665694467103152
771.5869012056655,12.859781686761092,36.145078127080765,0.16874668008909255
773.5627443286902,12.89271240547817,48.19343750277436,0.1834430323794185
775.5385874517149,12.925643124195249,42.16925781492756,0.17531589495553498
777.5144305747395,12.958573842912326,36.145078127080765,0.1565802450979627
779.4902736977643,12.991504561629405,36.145078127080765,0.1643543884508061
781.466116820789,13.024435280346484,36.145078127080765,0.10796962426082707
783.4419599438137,13.057365999063562,30.12089843923397,0.13926507483949127
785.4178030668384,13.090296717780639,42.16925781492756,0.1653491186977693
787.393646189863,13.123227436497718,42.16925781492756,0.15420658232884954
789.3694893128878,13.156158155214797,42.16925781492756,0.10857107092261116
791.3453324359125,13.189088873931874,66.26597656631475,0.14110029227433185
793.3211755589372,13.222019592648953,42.16925781492756,0.13532387590402
795.2970186819618,13.25495031136603,42.16925781492756,0.11373309553936402
797.2728618049866,13.28788103008311,36.145078127080765,0.1292229473678195
799.2487049280113,13.320811748800189,36.145078127080765,0.19171571270473034
801.224548051036,13.353742467517266,36.145078127080765,0.18401028598724734
803.2003911740607,13.386673186234344,36.145078127080765,0.17373528678074132
805.1762342970853,13.419603904951423,36.145078127080765,0.1549368120521263
807.1520774201101,13.452534623668502,36.145078127080765,0.16038342595877947
809.1279205431348,13.485465342385579,36.145078127080765,0.1800459604615184
811.1037636661595,13.518396061102658,36.145078127080765,0.21568701522433031
813.0796067891841,13.551326779819735,36.145078127080765,0.21916903094451834
815.0554499122088,13.584257498536813,36.145078127080765,0.1826419684734482
817.0312930352336,13.617188217253894,36.145078127080765,0.16327595891927688
819.0071361582583,13.650118935970971,36.145078127080765,0.1335147398756504
820.982979281283,13.68304965468805,54.21761719062115,0.10621177769484476
822.9588224043076,13.715980373405127,54.21761719062115,0.09142365547114084
824.9346655273324,13.748911092122206,36.145078127080765,0.14873266676925306
826.9105086503571,13.781841810839286,36.145078127080765,0.14563105485412717
828.8863517733818,13.814772529556363,36.145078127080765,0.1228710320723237
830.8621948964064,13.84770324827344,42.16925781492756,0.12540157614984973
832.8380380194311,13.88063396699052,30.12089843923397,0.1241172510065046
834.8138811424559,13.913564685707598,48.19343750277436,0.14311429568167916
836.7897242654806,13.946495404424676,36.145078127080765,0.17963360510492726
838.7655673885052,13.979426123141755,36.145078127080765,0.16860763787777683
840.7414105115299,14.012356841858832,30.12089843923397,0.16951161300767792
842.7172536345547,14.045287560575911,42.16925781492756,0.1983926409936782
844.6930967575794,14.07821827929299,42.16925781492756,0.1651249881997402
846.6689398806041,14.111148998010068,36.145078127080765,0.22305464451016774
848.6447830036287,14.144079716727145,36.145078127080765,0.17778151395797695
850.6206261266534,14.177010435444224,30.12089843923397,0.13181974353899864
852.5964692496782,14.209941154161303,42.16925781492756,0.1493939249099387
854.5723123727029,14.24287187287838,42.16925781492756,0.14839349490001555
856.5481554957275,14.27580259159546,96.38687500554872,0.11026839885955997
858.5239986187522,14.308733310312537,42.16925781492756,0.12051884482031111
860.4998417417769,14.341664029029614,90.36269531770192,0.09262467403928716
862.4756848648017,14.374594747746695,54.21761719062115,0.1281785129265011
864.4515279878264,14.407525466463772,54.21761719062115,0.17682909928533974
866.427371110851,14.440456185180851,36.145078127080765,0.1082382270812712
868.4032142338757,14.473386903897929,48.19343750277436,0.1240859428263068
870.3790573569005,14.506317622615008,48.19343750277436,0.1315059202531336
872.3549004799252,14.539248341332087,42.16925781492756,0.12909598967585606
874.3307436029498,14.572179060049164,54.21761719062115,0.11354770754357806
876.3065867259745,14.605109778766241,66.26597656631475,0.10674833767029518
878.2824298489992,14.63804049748332,90.36269531770192,0.11852687783225982
880.258272972024,14.6709712162004,90.36269531770192,0.16810566510826452
882.2341160950486,14.703901934917477,90.36269531770192,0.15278421365213565
884.2099592180733,14.736832653634556,90.36269531770192,0.14141999854651804
886.185802341098,14.769763372351633,30.12089843923397,0.1400283048055021
888.1616454641227,14.80269409106871,90.36269531770192,0.1588360779050263
890.1374885871475,14.835624809785791,90.36269531770192,0.15497872266599472
892.1133317101721,14.868555528502869,90.36269531770192,0.19686223516334292
894.0891748331968,14.901486247219946,90.36269531770192,0.21279436245349465
896.0650179562215,14.934416965937025,90.36269531770192,0.22440599576575526
898.0408610792463,14.967347684654104,90.36269531770192,0.17566767883753862
900.016704202271,15.000278403371182,90.36269531770192,0.18131737398138512
901.9925473252956,15.03320912208826,90.36269531770192,0.11507391793995123
903.9683904483203,15.066139840805338,96.38687500554872,0.1163869251466683
905.944233571345,15.099070559522415,96.38687500554872,0.14246185664225502
907.9200766943698,15.132001278239496,96.38687500554872,0.12241779776307826
909.8959198173944,15.164931996956573,96.38687500554872,0.08906496374718295
911.8717629404191,15.197862715673653,42.16925781492756,0.12921274811603098
913.8476060634438,15.23079343439073,42.16925781492756,0.14083984196689453
915.8234491864685,15.263724153107807,42.16925781492756,0.1481346162923533
917.7992923094932,15.296654871824888,42.16925781492756,0.1645401285485447
919.7751354325179,15.329585590541965,42.16925781492756,0.1722418165126402
921.7509785555426,15.362516309259043,42.16925781492756,0.13827766067975555
923.7268216785673,15.395447027976122,48.19343750277436,0.13547344379242263
925.702664801592,15.4283777466932,66.26597656631475,0.11640691977100354
927.6785079246167,15.461308465410278,30.12089843923397,0.12421088334570914
929.6543510476414,15.494239184127357,30.12089843923397,0.12231260378972371
931.6301941706661,15.527169902844435,30.12089843923397,0.10938967867795164
933.6060372936907,15.560100621561512,30.12089843923397,0.11005020097774301
935.5818804167155,15.593031340278593,84.33851562985512,0.10108828573094232
937.5577235397402,15.62596205899567,78.31433594200833,0.1278552105008938
939.5335666627649,15.658892777712747,78.31433594200833,0.1599775098097095
941.5094097857896,15.691823496429826,84.33851562985512,0.13713009075442117
943.4852529088142,15.724754215146904,84.33851562985512,0.1726855774136206
945.461096031839,15.757684933863983,84.33851562985512,0.1802528047678771
947.4369391548637,15.790615652581062,84.33851562985512,0.1626466459209984
949.4127822778884,15.82354637129814,84.33851562985512,0.13933986970210654
951.388625400913,15.856477090015217,84.33851562985512,0.12212699884678481
953.3644685239378,15.889407808732297,36.145078127080765,0.10237423799776382
955.3403116469625,15.922338527449375,36.145078127080765,0.16782855953924772
957.3161547699872,15.955269246166454,36.145078127080765,0.2031576314561327
959.2919978930119,15.988199964883531,78.31433594200833,0.16823161838564324
961.2678410160365,16.02113068360061,30.12089843923397,0.12933728748702483
963.2436841390613,16.05406140231769,30.12089843923397,0.15749718632197207
965.219527262086,16.086992121034765,30.12089843923397,0.1398813201033515
967.1953703851107,16.119922839751844,72.29015625416153,0.12644365259087112
969.1712135081353,16.152853558468923,78.31433594200833,0.11726120811964859
971.14705663116,16.185784277186,54.21761719062115,0.10560338463015542
973.1228997541848,16.21871499590308,84.33851562985512,0.16542855314204735
975.0987428772095,16.251645714620157,84.33851562985512,0.210241480219447
977.0745860002341,16.284576433337236,84.33851562985512,0.2199502190221138
979.0504291232588,16.317507152054315,84.33851562985512,0.22902906552296687
981.0262722462836,16.350437870771394,84.33851562985512,0.2542701866311707
983.0021153693083,16.383368589488473,84.33851562985512,0.142687645110252
984.977958492333,16.41629930820555,84.33851562985512,0.11940931584424806
986.9538016153576,16.449230026922628,84.33851562985512,0.14437183984521357
988.9296447383823,16.482160745639707,78.31433594200833,0.13622400639958798
990.9054878614071,16.515091464356786,78.31433594200833,0.13522967215330042
992.8813309844318,16.54802218307386,42.16925781492756,0.14245550663026463
994.8571741074564,16.58095290179094,42.16925781492756,0.20191321105911667
996.8330172304811,16.61388362050802,42.16925781492756,0.15723641875708297
998.8088603535058,16.646814339225095,72.29015625416153,0.12001017912323704
1000.7847034765306,16.679745057942178,36.145078127080765,0.20572114876071684
1002.7605465995553,16.712675776659253,36.145078127080765,0.21670294000531115
1004.7363897225799,16.745606495376332,36.145078127080765,0.24872255162052317
1006.7122328456046,16.77853721409341,36.145078127080765,0.26995739882853576
1008.6880759686294,16.81146793281049,36.145078127080765,0.2741185219028181
1010.6639190916541,16.844398651527566,36.145078127080765,0.14566251844345277
1012.6397622146787,16.877329370244645,36.145078127080765,0.14360056550635464
1014.6156053377034,16.910260088961724,54.21761719062115,0.15149319020250915
1016.5914484607281,16.9431908076788,54.21761719062115,0.2606776464270912
1018.5672915837529,16.976121526395882,54.21761719062115,0.24168164320256488
1020.5431347067776,17.009052245112958,54.21761719062115,0.19332789393131825
1022.5189778298022,17.041982963830037,36.145078127080765,0.12521005509445415
1024.494820952827,17.074913682547116,36.145078127080765,0.17534244783351388
1026.4706640758516,17.10784440126419,36.145078127080765,0.16027004434749448
1028.4465071988764,17.140775119981274,36.145078127080765,0.11766349347279319
1030.422350321901,17.17370583869835,90.36269531770192,0.12844621005959322
1032.3981934449257,17.20663655741543,90.36269531770192,0.11775738566825134
1034.3740365679505,17.239567276132508,90.36269531770192,0.14613781315923483
1036.349879690975,17.272497994849584,90.36269531770192,0.15583507802708838
1038.3257228139998,17.305428713566663,42.16925781492756,0.11214834202580666
1040.3015659370246,17.338359432283745,84.33851562985512,0.11614637708732727
1042.2774090600492,17.37129015100082,84.33851562985512,0.15961715170165877
1044.253252183074,17.4042208697179,42.16925781492756,0.16334050967809763
1046.2290953060985,17.437151588434975,84.33851562985512,0.15489624828511095
1048.2049384291233,17.470082307152055,84.33851562985512,0.17321866414571319
1050.1807815521481,17.503013025869134,42.16925781492756,0.13662617650939585
1052.1566246751727,17.535943744586213,42.16925781492756,0.14248259518715872
1054.1324677981975,17.568874463303292,36.145078127080765,0.12538407801661233
1056.108310921222,17.601805182020367,42.16925781492756,0.14591573710495634
1058.0841540442468,17.634735900737446,42.16925781492756,0.13048275537217996
1060.0599971672716,17.667666619454526,84.33851562985512,0.14376356711408106
1062.0358402902962,17.7005973381716,84.33851562985512,0.1361694303008001
1064.011683413321,17.733528056888684,84.33851562985512,0.176388139614857
1065.9875265363455,17.76645877560576,84.33851562985512,0.18240392729420923
1067.9633696593703,17.79938949432284,84.33851562985512,0.1998339997165823
1069.939212782395,17.832320213039917,84.33851562985512,0.19326305797869883
1071.9150559054196,17.865250931756993,84.33851562985512,0.1862245578879558
1073.8908990284444,17.898181650474076,90.36269531770192,0.16881987573745125
1075.866742151469,17.93111236919115,90.36269531770192,0.14764498959642103
1077.8425852744938,17.96404308790823,42.16925781492756,0.1287023386393585
1079.8184283975186,17.99697380662531,84.33851562985512,0.12446809397941867
1081.7942715205431,18.029904525342385,48.19343750277436,0.16330770418372473
1083.770114643568,18.062835244059464,48.19343750277436,0.17174718750064757
1085.7459577665925,18.095765962776543,48.19343750277436,0.14852920872755845
1087.7218008896173,18.128696681493622,84.33851562985512,0.13701871571465146
1089.697644012642,18.1616274002107,84.33851562985512,0.1297703184483036
1091.6734871356666,18.194558118927777,84.33851562985512,0.1439337757383787
1093.6493302586914,18.227488837644856,90.36269531770192,0.16144483118192
1095.6251733817162,18.260419556361935,84.33851562985512,0.18018930403841307
1097.6010165047408,18.293350275079014,84.33851562985512,0.17363060874057493
1099.5768596277655,18.326280993796093,42.16925781492756,0.14417442149491128
1101.55270275079,18.35921171251317,42.16925781492756,0.16974306209819243
1103.528545873815,18.392142431230248,42.16925781492756,0.1426884537996421
1105.5043889968397,18.425073149947327,54.21761719062115,0.10802481163294166
1107.4802321198642,18.458003868664402,78.31433594200833,0.09619579254948989
1109.456075242889,18.490934587381485,78.31433594200833,0.10665886758025803
1111.4319183659136,18.52386530609856,78.31433594200833,0.11800526281142039
1113.4077614889384,18.55679602481564,84.33851562985512,0.12351836545802253
1115.3836046119632,18.58972674353272,36.145078127080765,0.14389700009293932
1117.3594477349877,18.622657462249794,36.145078127080765,0.16115249035430376
1119.3352908580125,18.655588180966877,36.145078127080765,0.14210826262832416
1121.311133981037,18.688518899683952,36.145078127080765,0.12855402318609
1123.2869771040619,18.72144961840103,60.24179687846794,0.12180161329596209
1125.2628202270866,18.75438033711811,84.33851562985512,0.15695915153035425
1127.2386633501112,18.787311055835186,84.33851562985512,0.18559447079773514
1129.214506473136,18.820241774552265,84.33851562985512,0.16328544959178673
1131.1903495961606,18.853172493269344,84.33851562985512,0.1512905915814531
1133.1661927191853,18.886103211986423,84.33851562985512,0.17116449918270338
1135.1420358422101,18.919033930703502,84.33851562985512,0.14867756045424427
1137.1178789652347,18.951964649420578,84.33851562985512,0.15054134000278757
1139.0937220882595,18.984895368137657,84.33851562985512,0.17955678482370174
1141.069565211284,19.017826086854733,84.33851562985512,0.20279374358592148
1143.0454083343088,19.050756805571815,42.16925781492756,0.1942863453109019
1145.0212514573336,19.083687524288894,42.16925781492756,0.19868431370028056
1146.9970945803582,19.11661824300597,42.16925781492756,0.16723495242621988
1148.972937703383,19.14954896172305,48.19343750277436,0.19078571270220684
1150.9487808264078,19.182479680440128,48.19343750277436,0.1481691848121783
1152.9246239494323,19.215410399157204,42.16925781492756,0.14757347785365077
1154.900467072457,19.248341117874286,42.16925781492756,0.15008787258008924
1156.8763101954817,19.281271836591362,48.19343750277436,0.11681763661289388
1158.8521533185065,19.31420255530844,42.16925781492756,0.11504919109572881
1160.8279964415312,19.34713327402552,42.16925781492756,0.1172979912072428
1162.8038395645558,19.380063992742596,54.21761719062115,0.16699447712280766
1164.7796826875806,19.412994711459678,36.145078127080765,0.17552120997535084
1166.7555258106051,19.445925430176754,36.145078127080765,0.15768067536152844
1168.73136893363,19.478856148893833,36.145078127080765,0.11717552369775669
1170.7072120566547,19.511786867610912,42.16925781492756,0.12951910146479842
1172.6830551796793,19.544717586327987,66.26597656631475,0.09500378678735076
1174.658898302704,19.577648305045066,66.26597656631475,0.11733025636641872
1176.6347414257286,19.610579023762146,126.5077734447827,0.09156345984419652
1178.6105845487534,19.643509742479225,54.21761719062115,0.10148356208996759
1180.5864276717782,19.676440461196304,36.145078127080765,0.11198045741493183
1182.5622707948028,19.70937117991338,66.26597656631475,0.08837306964730006
1184.5381139178276,19.74230189863046,132.5319531326295,0.08128331534397668
1186.5139570408521,19.775232617347534,84.33851562985512,0.09181107427536525
1188.489800163877,19.808163336064617,84.33851562985512,0.08968855285462006
1190.4656432869017,19.841094054781696,138.55613282047628,0.08024389766097147
1192.4414864099263,19.87402477349877,66.26597656631475,0.09340573329842415
1194.417329532951,19.90695549221585,48.19343750277436,0.11489706887075436
1196.3931726559756,19.939886210932926,60.24179687846794,0.11122078170144102
1198.3690157790004,19.972816929650005,60.24179687846794,0.12087677288054875
1200.3448589020252,20.005747648367088,48.19343750277436,0.10121540242640968
1202.3207020250497,20.038678367084163,42.16925781492756,0.13020344615812787
1204.2965451480745,20.071609085801242,36.145078127080765,0.12494973645689471
1206.2723882710993,20.10453980451832,36.145078127080765,0.1339422442886378
1208.2482313941239,20.137470523235397,90.36269531770192,0.1567389143011822
1210.2240745171487,20.17040124195248,48.19343750277436,0.1505553969877434
1212.1999176401732,20.203331960669555,84.33851562985512,0.12256306611139932
1214.175760763198,20.236262679386634,84.33851562985512,0.14349974971357998
1216.1516038862228,20.269193398103713,78.31433594200833,0.12663409295289732
1218.1274470092474,20.30212411682079,78.31433594200833,0.12922920658443357
1220.1032901322722,20.335054835537868,54.21761719062115,0.11532263321123346
1222.0791332552967,20.367985554254947,54.21761719062115,0.09893060386674861
1224.0549763783215,20.400916272972026,48.19343750277436,0.15203993436912136
1226.0308195013463,20.433846991689105,48.19343750277436,0.17419238364666748
1228.0066626243708,20.46677771040618,48.19343750277436,0.1789562979665791
1229.9825057473956,20.49970842912326,48.19343750277436,0.17625106988440595
1231.9583488704202,20.532639147840335,42.16925781492756,0.1352914627580269
1233.934191993445,20.565569866557418,42.16925781492756,0.1705100672472187
1235.9100351164698,20.598500585274497,42.16925781492756,0.16382813486783868
1237.8858782394943,20.631431303991572,36.145078127080765,0.16809548311405015
1239.8617213625191,20.66436202270865,36.145078127080765,0.13029333727534856
1241.8375644855437,20.697292741425727,36.145078127080765,0.16331511484010722
1243.8134076085685,20.730223460142806,36.145078127080765,0.15471123732114817
1245.7892507315933,20.76315417885989,48.19343750277436,0.173957945060089
1247.7650938546178,20.796084897576964,42.16925781492756,0.14333643126580495
1249.7409369776426,20.829015616294043,42.16925781492756,0.09981404895261181
1251.7167801006674,20.861946335011122,48.19343750277436,0.17190636987919336
1253.692623223692,20.894877053728198,48.19343750277436,0.15414978911592503
1255.6684663467167,20.92780777244528,48.19343750277436,0.12816452218299737
1257.6443094697413,20.960738491162356,42.16925781492756,0.13726701084633425
1259.620152592766,20.993669209879435,54.21761719062115,0.1122742337548948
1261.5959957157909,21.026599928596514,66.26597656631475,0.12684723864352046
1263.5718388388154,21.05953064731359,42.16925781492756,0.14479521684616595
1265.5476819618402,21.09246136603067,36.145078127080765,0.13182479499607372
1267.5235250848648,21.125392084747748,36.145078127080765,0.12476027420432466
1269.4993682078896,21.158322803464827,36.145078127080765,0.14771406881257196
1271.4752113309144,21.191253522181906,36.145078127080765,0.12355779720773054
1273.451054453939,21.224184240898982,42.16925781492756,0.10730693683602584
1275.4268975769637,21.25711495961606,90.36269531770192,0.10695937695730467
1277.4027406999883,21.290045678333136,90.36269531770192,0.12731709514433542
1279.378583823013,21.32297639705022,90.36269531770192,0.11440578620404006
1281.3544269460378,21.355907115767298,30.12089843923397,0.0940107542433563
1283.3302700690624,21.388837834484374,84.33851562985512,0.13671232042934842
1285.3061131920872,21.421768553201453,84.33851562985512,0.15009565068206793
1287.2819563151118,21.45469927191853,84.33851562985512,0.158252133575292
1289.2577994381365,21.487629990635607,84.33851562985512,0.1741642247277939
1291.2336425611613,21.52056070935269,48.19343750277436,0.1582818933740531
1293.209485684186,21.553491428069766,84.33851562985512,0.1489987992978324
1295.1853288072107,21.586422146786845,84.33851562985512,0.17231554279604616
1297.1611719302352,21.61935286550392,84.33851562985512,0.16606276295200503
1299.13701505326,21.652283584221,84.33851562985512,0.16241393728011744
1301.1128581762848,21.685214302938082,84.33851562985512,0.19006597574828257
1303.0887012993094,21.718145021655157,84.33851562985512,0.2001387871774137
1305.0645444223342,21.751075740372237,84.33851562985512,0.13612690523062487
1307.040387545359,21.784006459089316,84.33851562985512,0.12614664065960185
1309.0162306683835,21.81693717780639,84.33851562985512,0.10386729406507596
1310.9920737914083,21.84986789652347,66.26597656631475,0.1273064987951018
1312.9679169144329,21.88279861524055,66.26597656631475,0.12105301247497437
1314.9437600374577,21.91572933395763,78.31433594200833,0.14794831300525646
1316.9196031604824,21.948660052674708,78.31433594200833,0.16747633111580404
1318.895446283507,21.981590771391783,78.31433594200833,0.20710962526434307
1320.8712894065318,22.014521490108862,78.31433594200833,0.20498672968339857
1322.8471325295563,22.047452208825938,78.31433594200833,0.1623679484171579
1324.8229756525811,22.08038292754302,42.16925781492756,0.138757730578712
1326.798818775606,22.1133136462601,42.16925781492756,0.1922457092137799
1328.7746618986305,22.146244364977175,42.16925781492756,0.16013807699512295
1330.7505050216553,22.179175083694254,42.16925781492756,0.12291996871975454
1332.7263481446798,22.21210580241133,84.33851562985512,0.14046836206467814
1334.7021912677046,22.24503652112841,84.33851562985512,0.1615422640386578
1336.6780343907294,22.27796723984549,84.33851562985512,0.1562081583488651
1338.653877513754,22.310897958562567,90.36269531770192,0.14843461405161296
1340.6297206367788,22.343828677279646,90.36269531770192,0.15657734027133408
1342.6055637598033,22.37675939599672,42.16925781492756,0.16301312436057697
1344.581406882828,22.4096901147138,90.36269531770192,0.13541378897316528
1346.557250005853,22.442620833430883,36.145078127080765,0.17139958421789356
1348.5330931288775,22.47555155214796,36.145078127080765,0.18081838745196344
1350.5089362519022,22.508482270865038,36.145078127080765,0.16923065844806312
1352.4847793749268,22.541412989582113,36.145078127080765,0.1811023228106518
1354.4606224979516,22.574343708299192,36.145078127080765,0.16798695619258597
1356.4364656209764,22.60727442701627,90.36269531770192,0.17305935582747337
1358.412308744001,22.64020514573335,30.12089843923397,0.15458897156072396
1360.3881518670257,22.67313586445043,30.12089843923397,0.1571951851139013
1362.3639949900505,22.70606658316751,84.33851562985512,0.13372772561356916
1364.339838113075,22.738997301884584,36.145078127080765,0.12520264483618856
1366.3156812360999,22.771928020601663,36.145078127080765,0.14968208922206247
1368.2915243591244,22.80485873931874,48.19343750277436,0.1578429133000981
1370.2673674821492,22.83778945803582,48.19343750277436,0.1308878247747996
1372.243210605174,22.8707201767529,90.36269531770192,0.16098515623948936
1374.2190537281986,22.903650895469976,90.36269531770192,0.23247632478967184
1376.1948968512233,22.936581614187055,90.36269531770192,0.17332339960040477
1378.170739974248,22.96951233290413,90.36269531770192,0.14862607585605236
1380.1465830972727,23.00244305162121,90.36269531770192,0.14411037214091935
1382.1224262202975,23.035373770338293,90.36269531770192,0.14869513953704314
1384.098269343322,23.068304489055368,90.36269531770192,0.2121922745863141
1386.0741124663468,23.101235207772447,90.36269531770192,0.23199808380724626
1388.0499555893714,23.134165926489523,90.36269531770192,0.25013694648862983
1390.0257987123962,23.167096645206602,90.36269531770192,0.2527247164077319
1392.001641835421,23.200027363923684,90.36269531770192,0.26225679943047203
1393.9774849584455,23.23295808264076,90.36269531770192,0.2566247518828727
1395.9533280814703,23.26588880135784,90.36269531770192,0.25465342433147076
1397.9291712044949,23.298819520074915,90.36269531770192,0.1796959156162396
1399.9050143275197,23.331750238791994,54.21761719062115,0.14136607416923355
1401.8808574505445,23.364680957509073,36.145078127080765,0.13815394401996067
1403.856700573569,23.397611676226152,36.145078127080765,0.16147291545733272
1405.8325436965938,23.43054239494323,36.145078127080765,0.1349991181869179
1407.8083868196186,23.46347311366031,90.36269531770192,0.14189330399090672
1409.7842299426432,23.496403832377386,90.36269531770192,0.15307916513079572
1411.760073065668,23.529334551094465,54.21761719062115,0.12493169782129958
1413.7359161886925,23.56226526981154,48.19343750277436,0.12011489988929214
1415.7117593117173,23.595195988528623,54.21761719062115,0.1517331557424103
1417.687602434742,23.628126707245702,54.21761719062115,0.15018131747505314
1419.6634455577666,23.661057425962778,84.33851562985512,0.1567311783338313
1421.6392886807914,23.693988144679857,60.24179687846794,0.13274463519628354
1423.615131803816,23.726918863396932,60.24179687846794,0.16340222405177376
1425.5909749268408,23.75984958211401,60.24179687846794,0.1715832483799987
1427.5668180498656,23.792780300831094,60.24179687846794,0.13775502961613934
1429.5426611728901,23.82571101954817,90.36269531770192,0.1055588042409355
1431.518504295915,23.85864173826525,84.33851562985512,0.1741089693335815
1433.4943474189395,23.891572456982324,84.33851562985512,0.18134627004796683
1435.4701905419643,23.924503175699403,84.33851562985512,0.20002469144055116
1437.446033664989,23.957433894416486,84.33851562985512,0.1839669383924584
1439.4218767880136,23.99036461313356,48.19343750277436,0.14611531444668246
1441.3977199110384,24.02329533185064,36.145078127080765,0.16533377379096617
1443.373563034063,24.056226050567716,42.16925781492756,0.12952812374219017
1445.3494061570877,24.089156769284795,36.145078127080765,0.15420926179111982
1447.3252492801125,24.122087488001874,42.16925781492756,0.123257581866035
1449.301092403137,24.155018206718953,90.36269531770192,0.11615543456324076
1451.2769355261619,24.187948925436032,84.33851562985512,0.13712202543153607
1453.2527786491864,24.220879644153108,84.33851562985512,0.13490380226829696
1455.2286217722112,24.253810362870187,90.36269531770192,0.15748668954146008
1457.204464895236,24.286741081587266,78.31433594200833,0.15992553866545073
1459.1803080182606,24.31967180030434,84.33851562985512,0.11449658095034596
1461.1561511412854,24.352602519021424,84.33851562985512,0.22893387214670122
1463.1319942643102,24.385533237738503,84.33851562985512,0.2501020888761043
1465.1078373873347,24.41846395645558,84.33851562985512,0.19102680202007458
1467.0836805103595,24.451394675172658,84.33851562985512,0.12714527398362516
1469.059523633384,24.484325393889733,90.36269531770192,0.15754185487528755
1471.0353667564088,24.517256112606812,36.145078127080765,0.19287870237367064
1473.0112098794336,24.550186831323895,36.145078127080765,0.21388142934791968
1474.9870530024582,24.58311755004097,90.36269531770192,0.18406632858181066
1476.962896125483,24.61604826875805,90.36269531770192,0.18714384474005152
1478.9387392485075,24.648978987475125,90.36269531770192,0.17454277297275092
1480.9145823715323,24.681909706192204,90.36269531770192,0.19387277016970816
1482.8904254945571,24.714840424909287,90.36269531770192,0.18746794116595647
1484.8662686175817,24.747771143626363,90.36269531770192,0.19141582163762072
1486.8421117406065,24.78070186234344,90.36269531770192,0.2233197578799244
1488.817954863631,24.813632581060517,90.36269531770192,0.2402102979901969
1490.7937979866558,24.846563299777596,90.36269531770192,0.22648242212547992
1492.7696411096806,24.879494018494675,90.36269531770192,0.23267766325056136
1494.7454842327052,24.912424737211754,90.36269531770192,0.21980161278817725
1496.72132735573,24.945355455928834,90.36269531770192,0.16188078522451943
1498.6971704787545,24.97828617464591,90.36269531770192,0.12001271555383464
1500.6730136017793,25.011216893362988,90.36269531770192,0.1211655545303751
1502.648856724804,25.044147612080067,42.16925781492756,0.16292341422794754
1504.6246998478287,25.077078330797143,90.36269531770192,0.17002043852527846
1506.6005429708534,25.110009049514225,42.16925781492756,0.14348765367043137
1508.576386093878,25.1429397682313,42.16925781492756,0.1439809071033509
1510.5522292169028,25.17587048694838,84.33851562985512,0.18294183051321347
1512.5280723399276,25.20880120566546,84.33851562985512,0.16877255389769813
1514.5039154629521,25.241731924382535,90.36269531770192,0.13024819820860867
1516.479758585977,25.274662643099614,90.36269531770192,0.16991401572420706
1518.4556017090017,25.307593361816696,90.36269531770192,0.21112581063539065
1520.4314448320263,25.340524080533772,90.36269531770192,0.21682540617759855
1522.407287955051,25.37345479925085,90.36269531770192,0.17205000206444102
1524.3831310780756,25.406385517967927,90.36269531770192,0.195821791170105
1526.3589742011004,25.439316236685006,90.36269531770192,0.1710921099238796
1528.3348173241252,25.47224695540209,90.36269531770192,0.14693321060384565
1530.3106604471498,25.505177674119164,90.36269531770192,0.15551793761066068
1532.2865035701745,25.538108392836243,90.36269531770192,0.1704871130391215
1534.262346693199,25.57103911155332,90.36269531770192,0.2120678078989737
1536.238189816224,25.603969830270398,90.36269531770192,0.2252544118518631
1538.2140329392487,25.636900548987477,36.145078127080765,0.17676343305314854
1540.1898760622732,25.669831267704556,36.145078127080765,0.15676954437170523
1542.165719185298,25.702761986421635,90.36269531770192,0.16476166049990906
1544.1415623083226,25.73569270513871,90.36269531770192,0.17994568043902612
1546.1174054313474,25.76862342385579,90.36269531770192,0.20922237679942227
1548.0932485543722,25.80155414257287,90.36269531770192,0.25053314534941556
1550.0690916773967,25.834484861289944,90.36269531770192,0.2841867195903031
1552.0449348004215,25.867415580007027,90.36269531770192,0.2257661473492746
1554.020777923446,25.900346298724102,90.36269531770192,0.1542933447133909
1555.9966210464709,25.93327701744118,84.33851562985512,0.15953551812722308
1557.9724641694957,25.96620773615826,84.33851562985512,0.14773344700245697
1559.9483072925202,25.999138454875336,30.12089843923397,0.17707595240539423
1561.924150415545,26.032069173592415,30.12089843923397,0.17598393049583497
1563.8999935385698,26.064999892309498,36.145078127080765,0.151786994578826
1565.8758366615943,26.097930611026573,36.145078127080765,0.13304537324460916
1567.8516797846191,26.130861329743652,42.16925781492756,0.19476987212728086
1569.8275229076437,26.163792048460728,42.16925781492756,0.16461433301979547
1571.8033660306685,26.196722767177807,66.26597656631475,0.15397061429576045
1573.7792091536933,26.22965348589489,66.26597656631475,0.1340033415591767
1575.7550522767178,26.262584204611965,30.12089843923397,0.16074479719484278
1577.7308953997426,26.295514923329044,42.16925781492756,0.14338307532811842
1579.7067385227672,26.32844564204612,30.12089843923397,0.15204336256976417
1581.682581645792,26.3613763607632,30.12089843923397,0.19021491152991757
1583.6584247688168,26.394307079480278,30.12089843923397,0.21598593678078049
1585.6342678918413,26.427237798197357,42.16925781492756,0.18226080519233323
1587.610111014866,26.460168516914436,36.145078127080765,0.24674067001805974
1589.5859541378907,26.49309923563151,36.145078127080765,0.25981972896208927
1591.5617972609155,26.52602995434859,36.145078127080765,0.24404362373027702
1593.5376403839402,26.55896067306567,36.145078127080765,0.18072246157838578
1595.5134835069648,26.591891391782745,36.145078127080765,0.19655687984669695
1597.4893266299896,26.624822110499828,36.145078127080765,0.16805365924138965
1599.4651697530142,26.657752829216903,36.145078127080765,0.18412048002314133
1601.441012876039,26.690683547933983,36.145078127080765,0.21358569349461815
1603.4168559990637,26.72361426665106,36.145078127080765,0.19335679228091882
1605.3926991220883,26.756544985368137,36.145078127080765,0.15320366878019545
1607.368542245113,26.789475704085216,36.145078127080765,0.1540523403623169
1609.3443853681376,26.822406422802295,36.145078127080765,0.2149112142094743
1611.3202284911624,26.855337141519374,36.145078127080765,0.23309237148024095
1613.2960716141872,26.888267860236454,36.145078127080765,0.2493064826649441
1615.2719147372118,26.92119857895353,36.145078127080765,0.2943143367349975
1617.2477578602366,26.954129297670608,30.12089843923397,0.13427524804173965
1619.2236009832613,26.98706001638769,48.19343750277436,0.15117468664583805
1621.199444106286,27.019990735104766,42.16925781492756,0.12564453239218837
1623.1752872293107,27.052921453821845,42.16925781492756,0.11518386008152928
1625.1511303523353,27.08585217253892,48.19343750277436,0.11976979233279944
1627.12697347536,27.118782891256,54.21761719062115,0.09139824936953396
1629.1028165983848,27.15171360997308,30.12089843923397,0.08525287769870837
1631.0786597214094,27.18464432869016,36.145078127080765,0.1266954510191963
1633.0545028444342,27.217575047407237,36.145078127080765,0.1155875766488585
1635.0303459674587,27.250505766124313,36.145078127080765,0.14008830438512504
1637.0061890904835,27.283436484841392,48.19343750277436,0.10837977688935344
1638.9820322135083,27.31636720355847,42.16925781492756,0.10338784314382542
1640.9578753365329,27.349297922275547,36.145078127080765,0.11416093398346905
1642.9337184595577,27.38222864099263,42.16925781492756,0.10661992273198741
1644.9095615825822,27.415159359709705,42.16925781492756,0.12200143685394321
1646.885404705607,27.448090078426784,30.12089843923397,0.10808328196463932
1648.8612478286318,27.481020797143863,48.19343750277436,0.12534702926758975
1650.8370909516564,27.51395151586094,36.145078127080765,0.1408548233389004
1652.8129340746812,27.546882234578018,36.145078127080765,0.16341656566718735
1654.7887771977057,27.579812953295097,48.19343750277436,0.12123336305242413
1656.7646203207305,27.612743672012176,48.19343750277436,0.09969497608608131
1658.7404634437553,27.645674390729255,42.16925781492756,0.11292793413494591
1660.7163065667798,27.67860510944633,54.21761719062115,0.1408312685856698
1662.6921496898046,27.71153582816341,66.26597656631475,0.0941410343519347
1664.6679928128292,27.744466546880485,48.19343750277436,0.09663403299790368
1666.643835935854,27.777397265597568,48.19343750277436,0.10815450232343686
1668.6196790588788,27.810327984314647,36.145078127080765,0.13303160285530277
1670.5955221819033,27.843258703031722,36.145078127080765,0.1527492266590568
1672.5713653049281,27.8761894217488,42.16925781492756,0.22271521653943335
1674.547208427953,27.90912014046588,42.16925781492756,0.2769918370701693
1676.5230515509775,27.94205085918296,42.16925781492756,0.26705439959802985
1678.4988946740023,27.97498157790004,42.16925781492756,0.2534664743854962
1680.4747377970268,28.007912296617114,42.16925781492756,0.20127351482068045
1682.4505809200516,28.040843015334193,36.145078127080765,0.16838667247147748
1684.4264240430764,28.073773734051272,30.12089843923397,0.15008035958083749
1686.402267166101,28.106704452768348,30.12089843923397,0.21464115962917704
1688.3781102891257,28.13963517148543,30.12089843923397,0.16505171770138555
1690.3539534121503,28.172565890202506,30.12089843923397,0.16382629744259183
1692.329796535175,28.205496608919585,30.12089843923397,0.1675160008170318
1694.3056396581999,28.238427327636664,30.12089843923397,0.17274470189799662
1696.2814827812244,28.27135804635374,30.12089843923397,0.19836523371527817
1698.2573259042492,28.30428876507082,30.12089843923397,0.2657607581465715
1700.2331690272738,28.337219483787898,30.12089843923397,0.20652581523113933
1702.2090121502986,28.370150202504977,30.12089843923397,0.1973619855365284
1704.1848552733234,28.403080921222056,72.29015625416153,0.09830137966671074
1706.160698396348,28.43601163993913,72.29015625416153,0.11822185839960113
1708.1365415193727,28.46894235865621,72.29015625416153,0.12113985181125543
1710.1123846423973,28.501873077373286,72.29015625416153,0.1213220893057646
1712.088227765422,28.53480379609037,72.29015625416153,0.1259651150879036
1714.0640708884468,28.567734514807448,78.31433594200833,0.07830109004407734
1716.0399140114714,28.600665233524524,30.12089843923397,0.10576348242729537
